순위,카테고리,채널명,구독자수,조회수,비디오수
1,음악/댄스/가수,BLACKPINK,91300000,33206830000,567
2,음악/댄스/가수,BANGTANTV,76400000,21348920000,2330
3,음악/댄스/가수,HYBE LABELS,72700000,29979900000,1428
4,음악/댄스/가수,SMTOWN,32100000,27856680000,4227
5,음악/댄스/가수,JYP Entertainment,27800000,20510660000,1833
6,키즈/어린이,Boram Tube Vlog [보람튜브 브이로그],26500000,11052880000,223
7,음악/댄스/가수,1MILLION Dance Studio,26200000,7970680000,6062
8,음악/댄스/가수,1theK (원더케이),24600000,24210180000,19215
9,미분류,Alan Becker,24200000,5788970000,172
10,음악/댄스/가수,Mnet K-POP,20600000,15290160000,33802
11,TV/방송,KBS WORLD TV,19200000,15380890000,65845
12,음악/댄스/가수,officialpsy,18200000,10860150000,131
13,음식/요리/레시피,Jane ASMR 제인,17800000,7329490000,1942
14,음악/댄스/가수,JFlaMusic,17500000,3823710000,333
15,음악/댄스/가수,TWICE,16300000,5311870000,1228
16,음식/요리/레시피,Hongyu ASMR 홍유,15200000,5193420000,651
17,음악/댄스/가수,BIGBANG,15100000,7948030000,776
19,미분류,GH'S,14600000,10346600000,583
18,키즈/어린이,서은일상이야기,14600000,600450000,366
20,키즈/어린이,Boram Tube ToysReview [보람튜브 토이리뷰],14500000,5024920000,626
21,미분류,승비니 Seungbini,14400000,10618610000,694
22,음악/댄스/가수,Stray Kids,14100000,3708440000,871
23,키즈/어린이,BIBO와 장난감,12900000,3197540000,194
24,음식/요리/레시피,[햄지]Hamzy,11800000,4071540000,693
25,미분류,CRAZY GREAPA,11400000,9346530000,839
26,키즈/어린이,핑크퐁 (인기 동요・동화),11200000,7214300000,3272
27,음악/댄스/가수,TOMORROW X TOGETHER OFFICIAL,11100000,1577070000,1687
29,키즈/어린이,토이몽 TV - ToyMong Tv,11000000,4518000000,1379
28,키즈/어린이,DuDuPopTOY,11000000,5107410000,2653
30,음악/댄스/가수,Stone Music Entertainment,10700000,9680530000,10529
31,TV/방송,MBCkpop,10500000,9194750000,47423
33,음식/요리/레시피,쏘영 Ssoyoung,10200000,1732990000,858
32,음악/댄스/가수,SEVENTEEN,10200000,4569100000,1648
34,키즈/어린이,Larva TUBA,10000000,4553810000,2130
35,음악/댄스/가수,EXO,9540000,1035980000,465
36,TV/방송,M2,9420000,8532480000,20951
37,키즈/어린이,Boram Tube [宝蓝和朋友们],9360000,2538150000,505
38,키즈/어린이,서은이야기[SeoeunStory],9330000,1832520000,1201
39,음식/요리/레시피,문복희 Eat with Boki,9240000,2625010000,758
40,음악/댄스/가수,Mnet TV,9070000,11733920000,22569
41,해외,Serie A,8990000,3580420000,26257
42,뉴스/정치/사회,MBCentertainment,8980000,17115780000,99806
43,음악/댄스/가수,iKON,8790000,2593120000,663
44,음식/요리/레시피,tzuyang쯔양,8760000,2106350000,585
45,음악/댄스/가수,이지금 [IU Official],8700000,2245120000,195
46,음악/댄스/가수,ITZY,8600000,2350770000,1257
47,음악/댄스/가수,ENHYPEN,8520000,1493720000,996
48,TV/방송,KBS Kpop,8150000,7656610000,41404
49,뉴스/정치/사회,JTBC Entertainment,7710000,11957320000,81011
50,TV/방송,스브스케이팝 X INKIGAYO,7690000,6176920000,33952
51,키즈/어린이,MariAndKids,7630000,2252070000,698
52,음악/댄스/가수,YG ENTERTAINMENT,7610000,1958070000,411
53,음식/요리/레시피,야미보이 Yummyboy,7510000,3145970000,1078
54,키즈/어린이,SonicToy소닉토이,7260000,3156860000,170
55,음악/댄스/가수,TREASURE (트레저),7240000,2301680000,877
56,키즈/어린이,미니특공대TV,7140000,4002890000,1475
57,음악/댄스/가수,Sungha Jung,7110000,1971840000,1393
58,미분류,NLE CHOPPA,7010000,2700890000,554
59,음악/댄스/가수,MAMAMOO,6970000,2435330000,856
60,음식/요리/레시피,5 분 Tricks,6940000,2908450000,4777
61,음악/댄스/가수,(G)I-DLE (여자)아이들 (Official YouTube Channel),6890000,3504160000,772
62,음악/댄스/가수,ALL THE K-POP,6870000,4612940000,28170
63,TV/방송,SBS Entertainment,6840000,8986070000,227994
64,회사/오피셜,YouTube Originals,6760000,646310000,477
65,TV/방송,tvN drama,6740000,7935940000,54991
66,TV/방송,SBS Drama,6680000,7500180000,346674
67,키즈/어린이,[장난감티비]TOYTV,6650000,3030430000,1739
68,키즈/어린이,With Kids Playground [위드키즈 놀이터],6500000,2364170000,528
69,회사/오피셜,Samsung,6480000,1500190000,1927
70,음악/댄스/가수,NCT DREAM,6470000,1475070000,683
71,음악/댄스/가수,Rosesarerosie,6420000,87840000,10
72,음악/댄스/가수,GOT7,6250000,916090000,579
73,키즈/어린이,미니팡TV,6110000,3916610000,959
74,음악/댄스/가수,NCT,6080000,1010570000,808
75,음악/댄스/가수,starshipTV,6070000,4274540000,2172
76,패션/미용,PONY Syndrome,5970000,343800000,241
77,음식/요리/레시피,백종원 PAIK JONG WON,5960000,997430000,565
78,키즈/어린이,PinkyPopTOY,5780000,1009970000,827
79,BJ/인물/연예인,영국남자 Korean Englishman,5740000,2076800000,555
80,TV/방송,채널 십오야,5720000,1663550000,923
81,미분류,NewJeans,5700000,2117500000,358
83,미분류,MayTree,5660000,1267330000,235
82,음악/댄스/가수,2NE1,5660000,2338700000,321
84,키즈/어린이,스위트티비 SweetTV,5560000,2875350000,436
85,키즈/어린이,TOY GUMA,5460000,1813370000,396
86,음식/요리/레시피,푸메Fume,5450000,1237120000,710
87,키즈/어린이,베이비버스 -인기 동요・동화,5400000,3901520000,1745
88,뉴스/정치/사회,SBS NOW / SBS 공식 채널,5380000,6073560000,25496
89,음악/댄스/가수,NCT 127,5340000,989250000,560
91,음악/댄스/가수,Red Velvet,5330000,1392610000,298
90,음악/댄스/가수,BT21,5330000,501130000,413
92,키즈/어린이,콩순이 Kongsuni,5260000,5067290000,1484
93,TV/방송,KBS Entertain,5240000,9391650000,121039
94,음악/댄스/가수,ASTRO 아스트로,5230000,684890000,648
95,BJ/인물/연예인,[Awesome Haeun]어썸하은,5160000,877990000,521
96,키즈/어린이,뽀로로(Pororo),5140000,7094090000,4318
98,미분류,팀일루션 노성율 - TEAM1LLUSION,5000000,5378440000,747
97,TV/방송,MBCdrama,5000000,5911510000,61346
101,미분류,매일맛나 delicious day,4940000,524640000,364
100,게임,EA SPORTS FC,4940000,875590000,814
99,음식/요리/레시피,떵개떵,4940000,3058600000,5030
102,키즈/어린이,CoCosToy 꼬꼬스토이,4870000,3171970000,744
104,애완/반려동물,SBS TV동물농장x애니멀봐,4860000,4758210000,4504
103,음식/요리/레시피,Cooking tree 쿠킹트리,4860000,513060000,1634
105,키즈/어린이,ToyMart TV,4850000,1998780000,758
106,음식/요리/레시피,까니짱 [ G-NI : 蟹ちゃん],4810000,1452060000,826
107,TV/방송,JTBC Drama,4800000,5406620000,29041
108,음악/댄스/가수,STUDIO CHOOM [스튜디오 춤],4760000,2739520000,1774
109,미분류,행복지수 103%,4680000,54610000,16
110,TV/방송,딩고 뮤직 / dingo music,4640000,2063530000,2117
111,취미/라이프,JaeYeol ASMR 재열,4520000,1415850000,1296
112,TV/방송,tvN D ENT,4500000,9931460000,30390
113,TV/방송,채널 NCT DAILY,4470000,861840000,467
114,미분류,Walt Disney Studios,4460000,1967420000,1468
116,게임,소맥거핀,4450000,1808180000,327
115,음악/댄스/가수,Raon,4450000,1171800000,447
117,음식/요리/레시피,하루한끼 one meal a day,4380000,477290000,225
118,음식/요리/레시피,ZOEY ASMR 조이,4370000,1192750000,895
119,키즈/어린이,슈슈토이 ShushuToysReview,4320000,1427680000,495
120,미분류,Juventus,4220000,993000000,4412
121,BJ/인물/연예인,ARTBEAT,4190000,1535630000,3030
122,키즈/어린이,키즈팡TV,4160000,2512610000,2235
124,음식/요리/레시피,[Dorothy]도로시,4150000,1051860000,964
123,BJ/인물/연예인,허팝Heopop,4150000,3928730000,2214
125,키즈/어린이,로미유 스토리 Romiyu Story,4130000,380220000,260
126,뉴스/정치/사회,YTN,4100000,11726080000,705898
127,음악/댄스/가수,WINNER,4070000,1495260000,631
128,키즈/어린이,English Singsing,4020000,888250000,1357
129,TV/방송,워크맨-Workman,3970000,1135560000,366
131,TV/방송,옐언니,3940000,2819950000,869
130,TV/방송,TV-People,3940000,4813480000,21096
133,TV/방송,KBS Drama,3930000,5431750000,133455
132,키즈/어린이,제이제이 튜브 [JJ Tube],3930000,2581210000,515
134,TV/방송,tvN,3910000,6605000000,85395
135,음식/요리/레시피,푸드킹덤 Food Kingdom,3890000,1850920000,1190
136,미분류,LE SSERAFIM,3860000,1670140000,632
137,음악/댄스/가수,Jessi,3840000,900410000,60
138,TV/방송,JTBC Voyage,3810000,5145080000,12215
140,키즈/어린이,유니가치 YuniGachi,3800000,78830000,78
139,애완/반려동물,크림히어로즈,3800000,1673510000,1094
141,키즈/어린이,Lime Tube[라임튜브],3790000,2899130000,2277
142,키즈/어린이,EVANS,3780000,40000,9
145,뉴스/정치/사회,SBS 뉴스,3750000,8290480000,190930
143,키즈/어린이,헤이지니 Hey Jini,3750000,2874990000,1625
146,회사/오피셜,Billboard,3740000,1447700000,9544
144,뉴스/정치/사회,MBCNEWS,3740000,12662720000,204377
147,취미/라이프,drawholic,3730000,505070000,401
148,BJ/인물/연예인,waveya 2011,3720000,1406600000,818
150,키즈/어린이,Like Nastya Collections,3680000,1058510000,550
149,음악/댄스/가수,백현 Baekhyun,3680000,49670000,18
151,음식/요리/레시피,Chihun ASMR 치훈,3670000,830160000,751
152,음악/댄스/가수,KARD,3660000,790950000,487
153,키즈/어린이,Milana FamilyShow[EN],3640000,1093200000,118
154,미분류,FC Bayern München,3600000,1460170000,5458
155,영화/만화/애니,장삐쭈,3590000,1920740000,545
157,TV/방송,옛드 : MBC 레전드 드라마,3580000,6590100000,45393
156,음악/댄스/가수,imlisarhee,3580000,588520000,756
158,키즈/어린이,Boram y Juguetes,3540000,860480000,462
160,TV/방송,ATEEZ,3510000,692540000,1114
159,BJ/인물/연예인,JOLLY,3510000,987950000,657
161,미분류,Bleacher Report,3490000,2701120000,10840
162,음악/댄스/가수,THEBLACKLABEL,3480000,1132760000,164
163,키즈/어린이,Boys Playtime,3440000,1566790000,675
164,TV/방송,EBSDocumentary (EBS 다큐),3410000,3397140000,37070
165,키즈/어린이,EBS 키즈,3380000,4649440000,21895
166,TV/방송,솔라시도 solarsido,3370000,253400000,405
169,미분류,차린건 쥐뿔도 없지만,3330000,305720000,36
168,음악/댄스/가수,JAY PARK,3330000,1189040000,228
167,취미/라이프,사나고 Sanago,3330000,594860000,188
170,키즈/어린이,럭키강이 LuckyKang i,3290000,1529070000,1589
171,키즈/어린이,리월드RIWORLD,3280000,1369170000,214
173,음식/요리/레시피,유디티TV,3240000,701100000,1168
172,BJ/인물/연예인,보겸TV,3240000,2737890000,8927
174,취미/라이프,odg,3220000,723330000,253
175,미분류,Louis Vuitton,3170000,532420000,641
176,키즈/어린이,꼬마버스 타요,3150000,2448480000,3122
177,키즈/어린이,Bob ToysReview,3140000,1328140000,201
180,음악/댄스/가수,HyunA,3130000,617570000,83
179,TV/방송,런닝맨 - 스브스 공식 채널,3130000,5035130000,55550
178,키즈/어린이,Adventure Story,3130000,1827490000,3984
181,뉴스/정치/사회,TVCHOSUN - TV조선,3120000,5348470000,88921
183,미분류,BABYMONSTER,3100000,436420000,46
182,키즈/어린이,MariAndToys,3100000,830000,71
185,스포츠/운동,피지컬갤러리,3090000,856150000,933
184,영화/만화/애니,지무비 : G Movie,3090000,1357360000,537
186,음식/요리/레시피,애정 Aejeong,3080000,619990000,692
187,뉴스/정치/사회,SBS Catch,3050000,3449950000,6072
189,취미/라이프,Thankyou BUBU,3030000,605400000,134
188,음식/요리/레시피,흥삼이네 Heungsam's Family,3030000,1640870000,1819
190,음식/요리/레시피,FRAN,3020000,1119790000,1839
191,뉴스/정치/사회,JTBC News,2990000,7348160000,177830
194,TV/방송,디글 :Diggle,2980000,6708030000,35049
193,키즈/어린이,MariAndFriends,2980000,2239900000,2220
192,영화/만화/애니,총몇명,2980000,1365950000,490
195,음악/댄스/가수,AKMU,2950000,1068770000,186
197,미분류,IVE,2940000,1347390000,486
196,음식/요리/레시피,지현꿍,2940000,310290000,162
199,스포츠/운동,김종국 GYM JONG KOOK,2930000,329170000,154
198,영화/만화/애니,CheezeFilm,2930000,1036250000,406
200,음악/댄스/가수,GIRLS' GENERATION,2920000,467400000,130
201,취미/라이프,Pan K's The Pancake Artist,2900000,984420000,654
202,BJ/인물/연예인,International Couple[사샤와 제이],2890000,461480000,228
203,음악/댄스/가수,새송 Saesong,2880000,326070000,260
204,음식/요리/레시피,양수빈,2860000,539620000,412
206,해외,The Wiggles - Kids Songs and Nursery Rhymes,2790000,3855610000,829
205,교육/강의,슈카월드,2790000,798270000,1484
207,음식/요리/레시피,나도Nado,2780000,844940000,948
208,영화/만화/애니,짤툰,2760000,2372370000,1590
209,미분류,쿠킹하루 Cooking Haru :),2720000,340780000,193
210,미분류,숏박스,2690000,558290000,106
212,BJ/인물/연예인,진용진,2680000,997430000,573
211,음식/요리/레시피,한세 HANSE,2680000,456930000,702
214,음악/댄스/가수,THE K-POP,2640000,964900000,14082
213,취미/라이프,ASMR PPOMO,2640000,809670000,612
215,키즈/어린이,"토닥토닥 꼬모 - 애니메이션, 동요, 놀이",2630000,3258810000,1244
218,미분류,Stray Kids Japan Official YouTube,2620000,369530000,218
217,TV/방송,키에커,2620000,1184470000,322
216,BJ/인물/연예인,흔한남매,2620000,3225490000,1184
219,미분류,Christian Dior,2610000,677590000,1357
221,음악/댄스/가수,KQ ENTERTAINMENT,2590000,1314450000,653
220,키즈/어린이,보라미TV BoramiTV,2590000,910880000,626
222,미분류,식탁일기 table diary,2580000,365640000,210
225,음악/댄스/가수,MONSTA X,2560000,552990000,708
224,미분류,ROOKIE MING 루키밍,2560000,1552910000,915
223,뉴스/정치/사회,채널A 캔버스,2560000,3624570000,44474
226,TV/방송,스브스 예능맛집,2540000,2442390000,4838
227,뉴스/정치/사회,KBS News,2530000,5585640000,270170
228,미분류,1분요리 뚝딱이형,2510000,1206740000,972
229,음악/댄스/가수,OfficialGDRAGON,2490000,209870000,3
230,음악/댄스/가수,SHINee,2480000,419660000,432
231,음식/요리/레시피,[Nareum_TV] 나름TV,2470000,875120000,956
232,미분류,Kep1er,2450000,698190000,622
234,패션/미용,미지우 MEJIWOO,2440000,50110000,72
233,BJ/인물/연예인,대생 Daesaeng,2440000,1930870000,2042
236,미분류,뽀송한 준_bosungjun,2430000,266430000,384
235,뉴스/정치/사회,디글 클래식 :Diggle Classic,2430000,6271700000,38147
237,TV/방송,PLAYLIST ORIGINALS 플레이리스트 오리지널,2420000,1092670000,892
239,미분류,Sony Music (Japan),2410000,3068120000,3944
238,IT/기술/컴퓨터,ITSub잇섭,2410000,983090000,1103
240,키즈/어린이,ToyFamily,2370000,340000,36
242,키즈/어린이,ToytubeTV 토이튜브TV,2360000,292920000,133
241,BJ/인물/연예인,엔조이커플enjoycouple,2360000,1092040000,799
245,취미/라이프,피식대학Psick Univ,2350000,1114060000,1077
244,음악/댄스/가수,mirrorHD,2350000,1364810000,208
243,게임,감스트GAMST,2350000,1898240000,4757
247,TV/방송,보길 bogil,2340000,986620000,1141
246,게임,도티 TV,2340000,2802730000,3454
250,음악/댄스/가수,SUPER JUNIOR,2330000,207060000,318
249,주식/경제/부동산,삼프로TV_경제의신과함께,2330000,1068940000,13055
248,키즈/어린이,캐릭온 TV,2330000,2662060000,1113
255,키즈/어린이,Lime Doodles,2320000,880870000,1509
254,패션/미용,free지아,2320000,32760000,34
257,음식/요리/레시피,이 남자의 cook,2320000,530000000,805
253,TV/방송,아는형님 Knowingbros,2320000,1609490000,4242
252,음악/댄스/가수,A-YEON,2320000,313820000,69
251,교육/강의,디바제시카DeevaJessica,2320000,1141890000,3543
258,뉴스/정치/사회,채널A 뉴스,2310000,3682500000,90826
256,BJ/인물/연예인,VIVA DANCE STUDIO,2310000,486860000,3119
261,키즈/어린이,요올리Yoli,2300000,1058040000,821
260,키즈/어린이,Zorip - Nursery Rhymes,2300000,758470000,25
259,음악/댄스/가수,여자친구 GFRIEND OFFICIAL,2300000,676240000,515
264,미분류,Jung Kook - Topic,2290000,211570000,43
263,음악/댄스/가수,채널 NCT MUSIC,2290000,213530000,29
262,영화/만화/애니,고몽,2290000,1286350000,762
266,음악/댄스/가수,official IZ*ONE,2280000,821970000,270
265,음악/댄스/가수,창현거리노래방 streetkaraoke,2280000,363110000,1297
268,음악/댄스/가수,United CUBE (CUBE Entertainment Official YouTube Channel),2270000,762800000,1614
267,음식/요리/레시피,JerryPop,2270000,860220000,429
272,미분류,꿀주부 Honeyjubu,2260000,224310000,170
271,키즈/어린이,토이영어TV - ToyEnglishTV,2260000,1452320000,28
270,키즈/어린이,또봇 Tobot,2260000,2943290000,2313
269,패션/미용,RISABAE,2260000,318940000,488
275,음악/댄스/가수,GOT7,2250000,95680000,27
274,음악/댄스/가수,MLD ENTERTAINMENT,2250000,897960000,837
273,게임,침착맨,2250000,1851740000,6631
277,음악/댄스/가수,헨리 HENRY LAU,2240000,253560000,365
276,키즈/어린이,[wonderkids TV] 원더키즈 TV,2240000,1053760000,1084
278,미분류,XG,2230000,603820000,304
279,음식/요리/레시피,도남이먹방Donam,2220000,765180000,1134
280,교육/강의,올리버쌤,2210000,819930000,862
282,음악/댄스/가수,AOMGOFFICIAL,2190000,705380000,515
281,BJ/인물/연예인,해그린달 haegreendal,2190000,100380000,62
283,미분류,NMIXX,2170000,613310000,533
285,애완/반려동물,[THE SOY]루퐁이네,2170000,875480000,576
284,음악/댄스/가수,채널 NCT DANCE,2160000,219320000,42
287,음악/댄스/가수,4Minute 포미닛(Official YouTube Channel),2140000,1400580000,82
286,TV/방송,MBN Entertainment,2140000,2296000000,73263
288,TV/방송,dingo freestyle,2130000,1482140000,1393
290,음식/요리/레시피,꿀키honeykki,2120000,280890000,472
289,음식/요리/레시피,FoodieBoy 푸디보이,2120000,782820000,1808
294,음악/댄스/가수,SUGA - Topic,2110000,194560000,89
293,미분류,1theK Originals - 원더케이 오리지널,2110000,1378980000,2626
292,교육/강의,jannahkorea 잔나코리아,2110000,374580000,614
291,애완/반려동물,수리노을SuriNoel,2110000,835080000,1292
296,음악/댄스/가수,THE BOYZ,2100000,679880000,899
295,게임,잠뜰 TV,2100000,3359750000,3670
299,키즈/어린이,WildBrain 한국어,2090000,841860000,2809
298,음악/댄스/가수,CL Official Channel,2090000,298670000,72
297,BJ/인물/연예인,와썹맨-Wassup Man,2090000,334910000,195
300,뉴스/정치/사회,EBSCulture (EBS 교양),2080000,1584970000,46631
305,미분류,엠뚜루마뚜루 : MBC 공식 종합 채널,2070000,3698300000,6578
303,TV/방송,오킹TV,2070000,1151330000,2004
302,애완/반려동물,밀키복이탄이MilkyBokiTan,2070000,777460000,622
301,취미/라이프,Imaginative Guy,2070000,709310000,145
304,스포츠/운동,Allblanc TV,2060000,253310000,594
306,미분류,1분미만,2050000,686410000,382
307,음식/요리/레시피,밴쯔,2040000,1169420000,2625
309,음악/댄스/가수,비몽,2030000,1103050000,5482
308,키즈/어린이,캐리TV 장난감친구들,2030000,2903210000,3299
310,게임,혜안,2020000,1176550000,1274
313,음악/댄스/가수,CHEN,2010000,40090000,17
312,음악/댄스/가수,BTOB 비투비 (Official YouTube Channel),2010000,764200000,1049
311,키즈/어린이,유라야놀자(Let's play YURA),2010000,2390940000,1837
314,미분류,Teen Vogue,2000000,743040000,1482
315,영화/만화/애니,레이디버그TV,1990000,0,0
317,음악/댄스/가수,ARIRANG K-POP,1980000,908190000,33459
316,음악/댄스/가수,EXID_OFFICIAL,1980000,751050000,341
318,음악/댄스/가수,woolliment,1970000,952110000,948
323,키즈/어린이,핑키팝토이,1960000,933200000,1308
322,키즈/어린이,Dollightful,1960000,327460000,173
321,음악/댄스/가수,loonatheworld,1960000,852670000,1113
320,스포츠/운동,SPOTV,1960000,1678270000,13521
319,TV/방송,퇴경아 약먹자,1960000,364060000,709
325,TV/방송,KBS 한국방송,1950000,1891270000,33085
324,키즈/어린이,대문밖장덕대,1950000,939920000,1678
326,TV/방송,문명특급 - MMTG,1940000,685210000,466
327,키즈/어린이,두두팝토이,1930000,1116250000,1558
328,BJ/인물/연예인,[상윤쓰]Sangyoon,1920000,482570000,227
329,미분류,planD플랜디,1910000,265770000,205
332,음악/댄스/가수,DAY6,1900000,604520000,522
331,국내/해외/여행,빠니보틀 Pani Bottle,1900000,427790000,301
330,키즈/어린이,Toy Wizard [토이위자드],1900000,30930000,30
336,미분류,Wimbledon,1880000,1536700000,5445
335,미분류,사피엔스 스튜디오,1880000,605350000,4878
334,음악/댄스/가수,셀프어쿠스틱selfacoustic,1880000,516140000,276
333,애완/반려동물,슈앤트리 SHU AND TREE,1880000,474360000,597
340,미분류,V - Topic,1870000,67620000,37
339,키즈/어린이,Clay Adventure 클레이 모험,1870000,1110680000,1501
338,TV/방송,tvN D STUDIO,1870000,693170000,1362
337,키즈/어린이,뉴욕이네,1870000,877640000,905
342,패션/미용,Wishtrend TV,1860000,186400000,1138
341,애완/반려동물,강형욱의 보듬TV,1860000,563120000,859
345,뉴스/정치/사회,MBN News,1850000,2079610000,158065
344,음식/요리/레시피,ETTV 이티티비,1850000,943700000,1566
343,음식/요리/레시피,ASMR Suna 꿀꿀선아,1850000,489670000,651
348,미분류,땅콩 Peanut,1840000,960670000,70
347,키즈/어린이,티디키즈 (인기 동요・동화),1840000,1202180000,616
346,TV/방송,14F 일사에프,1840000,818830000,3959
352,미분류,김작가 TV,1830000,523000000,3163
351,음악/댄스/가수,FNCEnt,1830000,473500000,1689
350,애완/반려동물,내셔널지오그래픽 - National Geographic Korea,1830000,874870000,3642
349,IT/기술/컴퓨터,밝은 면 Bright Side Korea,1830000,583880000,5263
355,키즈/어린이,자이언트 펭TV,1820000,499130000,640
354,교육/강의,스터디언,1820000,290200000,3931
353,패션/미용,효진조 Hyojin Cho,1820000,236100000,465
358,뉴스/정치/사회,진성호방송,1810000,3636260000,14338
357,뉴스/정치/사회,세바시 강연 Sebasi Talk,1810000,447280000,2763
356,키즈/어린이,꾹TV(Kkuk TV),1810000,1210450000,1789
363,음악/댄스/가수,TAEYANG,1800000,266920000,67
362,음악/댄스/가수,OfficialLEEHI,1800000,553990000,106
361,교육/강의,데이브 World of Dave,1800000,473360000,688
360,음식/요리/레시피,입짧은햇님,1800000,862670000,3100
359,TV/방송,조재원,1800000,720190000,498
364,취미/라이프,낄낄상회,1790000,891890000,787
367,음악/댄스/가수,DJ SODA OFFICIAL,1780000,246980000,197
366,키즈/어린이,깨비키즈 [KEBIKIDS],1780000,1998630000,2214
365,BJ/인물/연예인,보물섬,1780000,1600360000,662
369,뉴스/정치/사회,KBS 다큐,1770000,1169050000,40970
368,TV/방송,한문철 TV,1770000,2440790000,22350
370,게임,우주하마,1750000,1299760000,2416
377,키즈/어린이,Super JoJo-인기동요,1740000,0,0
376,TV/방송,KBS HUMAN: 뭉클티비,1740000,1051200000,7141
375,뉴스/정치/사회,KBS Drama Classic,1740000,1750280000,19114
374,음악/댄스/가수,워너뮤직코리아 (Warner Music Korea),1740000,1193180000,4081
373,음악/댄스/가수,Daily Busking,1740000,743240000,1054
372,음식/요리/레시피,HONG SOUND,1740000,607510000,1378
371,게임,악동 김블루,1740000,1415780000,1461
379,뉴스/정치/사회,SBS STORY,1730000,2200990000,85281
378,TV/방송,콬TV,1730000,719380000,1286
383,미분류,tripleS official,1720000,238450000,993
382,미분류,너덜트,1720000,269700000,59
381,미분류,요리용디 Yori Yongd,1720000,1466360000,503
380,키즈/어린이,지니키즈 Genikids (인기 동요・동화),1720000,1449560000,1263
390,미분류,신사장,1710000,1972200000,715
389,TV/방송,INTHESOOP_TV,1710000,52850000,76
388,뉴스/정치/사회,뉴스TVCHOSUN,1710000,1713470000,92312
387,게임,T1 Faker,1710000,378170000,1355
386,음악/댄스/가수,Dreamcatcher official,1710000,559550000,715
385,음악/댄스/가수,PENTAGON 펜타곤 (Official YouTube Channel),1710000,353700000,750
384,TV/방송,MKTV 김미경TV,1710000,381530000,2095
393,키즈/어린이,츈례쌤 CRS,1700000,120000,15
392,미분류,김대석 셰프TV,1700000,371380000,939
391,영화/만화/애니,김시선,1700000,462240000,467
395,음악/댄스/가수,시즌비시즌 Season B Season,1690000,306990000,137
394,BJ/인물/연예인,웃소 Wootso,1690000,2188820000,1035
398,국내/해외/여행,곽튜브,1680000,380910000,312
397,BJ/인물/연예인,더블비,1680000,1275140000,648
396,게임,양띵 유튜브,1680000,2134950000,9631
400,미분류,빵빵이의 일상,1670000,448270000,52
399,IT/기술/컴퓨터,약사가 들려주는 약 이야기,1670000,265720000,571
403,키즈/어린이,베베핀 Bebefinn - 키즈 인기 동요,1660000,479990000,316
402,미분류,STAYC,1660000,970060000,690
401,주식/경제/부동산,신사임당,1660000,338170000,1579
406,교육/강의,조승연의 탐구생활,1650000,164190000,386
405,음악/댄스/가수,DOJIN도진이,1650000,101180000,70
404,교육/강의,Talk To Me In Korean,1650000,79460000,1748
409,TV/방송,Beginagain 비긴어게인,1640000,908910000,1879
408,뉴스/정치/사회,오마이TV,1640000,1530400000,26944
407,음악/댄스/가수,버블디아,1640000,490790000,1369
411,패션/미용,이수현 Official,1630000,139680000,132
410,BJ/인물/연예인,요리왕비룡 Korean Food Cooking,1630000,352740000,997
415,미분류,스토리,1620000,437630000,91
414,회사/오피셜,미스&미스터트롯,1620000,1895910000,7014
413,교육/강의,seemile Korean,1620000,112780000,1278
412,게임,김재원의 즐거운 세상,1620000,2208420000,2907
419,미분류,고누리,1610000,772760000,748
418,TV/방송,그것이 알고싶다,1610000,662100000,971
417,음악/댄스/가수,NU'EST,1610000,282750000,687
416,음식/요리/레시피,먹어볼래TryToEat,1610000,338610000,317
421,TV/방송,it's Live,1600000,551440000,804
420,음식/요리/레시피,파뿌리,1600000,1934830000,1767
423,키즈/어린이,브라보키즈,1590000,1675150000,2828
422,음악/댄스/가수,GENIE MUSIC,1590000,598480000,5168
424,미분류,김소형채널H,1580000,372920000,1081
427,스포츠/운동,힙으뜸,1570000,540500000,507
426,TV/방송,동네놈들,1570000,465060000,529
425,게임,우왁굳의 게임방송,1570000,1766030000,7928
434,키즈/어린이,리틀엔젤 인기동요 어린이노래 - Little Angel,1560000,816790000,427
433,미분류,자취요리신 simple cooking,1560000,335840000,866
432,음악/댄스/가수,성시경 SUNG SI KYUNG,1560000,642300000,461
431,미분류,PREMIUM DANCE STUDIO,1560000,559330000,2368
430,음악/댄스/가수,TJ KARAOKE TJ 노래방 공식 유튜브채널,1560000,2264200000,63475
429,게임,뜨뜨뜨뜨,1560000,878350000,1830
428,키즈/어린이,헬로카봇 - hello carbot official,1560000,1533160000,1632
435,키즈/어린이,Car play toy,1550000,815910000,1397
441,미분류,FIFTY FIFTY Official,1540000,454380000,105
440,키즈/어린이,키글TV - 키즈 앱・장난감,1540000,823610000,2137
439,BJ/인물/연예인,임영웅,1540000,2175680000,677
438,음악/댄스/가수,Lemoring,1540000,1130410000,567
437,교육/강의,사물궁이 잡학지식,1540000,298960000,417
436,BJ/인물/연예인,JAYKEEOUT,1540000,247930000,260
445,음식/요리/레시피,히밥heebab,1530000,604540000,773
444,BJ/인물/연예인,혜리,1530000,101940000,103
443,키즈/어린이,브레드이발소,1530000,826920000,1306
442,게임,겜브링 GGAM BRING,1530000,1873180000,2804
448,음악/댄스/가수,ONEUS,1520000,424560000,784
447,게임,대도서관TV (buzzbean11),1520000,1541940000,10669
446,게임,태경 TV,1520000,2466740000,3265
453,미분류,[AmiAmi]아미아미,1510000,501900000,539
452,음악/댄스/가수,Chuther츄더[문에스더],1510000,337060000,241
451,영화/만화/애니,리뷰엉이: Owl's Review,1510000,463580000,537
450,음식/요리/레시피,칩chip,1510000,249570000,39
449,음식/요리/레시피,슈기님,1510000,643590000,1434
455,TV/방송,오분순삭,1500000,2269110000,3037
454,영화/만화/애니,Netflix Korea 넷플릭스 코리아,1500000,618560000,2595
461,미분류,Jimin - Topic,1490000,96150000,36
460,키즈/어린이,리콩수콩RikongSukong,1490000,473900000,631
459,미분류,보다 BODA,1490000,720400000,961
458,음악/댄스/가수,선미 SUNMI,1490000,557380000,290
457,TV/방송,Mera,1490000,1367630000,8106
456,스포츠/운동,슛포러브,1490000,1018580000,1160
463,미분류,주부나라,1480000,433250000,1339
462,TV/방송,sNack!,1480000,1339200000,2488
471,주식/경제/부동산,[삼성증권] Samsung POP,1470000,163080000,2800
467,TV/방송,우와한 비디오,1470000,1779870000,2013
466,음식/요리/레시피,승우아빠,1470000,663760000,985
465,음식/요리/레시피,최고다윽박,1470000,981610000,1762
464,뉴스/정치/사회,신의한수,1470000,1141560000,8994
472,미분류,DARA TV,1460000,89760000,220
470,미분류,CHUNG HA_Official,1460000,540720000,335
469,TV/방송,디스커버리 픽 - Discovery Pick,1460000,597970000,1192
468,패션/미용,ssin 씬님,1460000,457640000,835
476,IT/기술/컴퓨터,의학채널 비온뒤,1450000,460940000,10291
475,영화/만화/애니,Puuung 퍼엉,1450000,110760000,475
474,TV/방송,BLACKHAND,1450000,380050000,61
473,패션/미용,kiu기우쌤,1450000,664630000,663
480,음악/댄스/가수,Rock Music,1440000,809900000,9762
479,음악/댄스/가수,2PM,1440000,469120000,497
478,음악/댄스/가수,Apink (에이핑크),1440000,583360000,868
477,음악/댄스/가수,MOVE Dance Studio,1440000,323840000,4043
483,미분류,스튜디오 와플 - STUDIO WAFFLE,1430000,448880000,319
482,TV/방송,안구정화티비 Your Korean Friend Angoo,1430000,136960000,251
481,BJ/인물/연예인,급식왕,1430000,1970930000,1121
484,BJ/인물/연예인,정선호,1430000,693350000,606
486,미분류,호갱구조대,1420000,336520000,201
485,음식/요리/레시피,취미로 요리하는 남자 Yonam,1420000,168090000,123
489,뉴스/정치/사회,빽능 - SBS 옛날 예능,1410000,2140140000,6941
488,음식/요리/레시피,엠브로 MBRO,1410000,0,0
487,BJ/인물/연예인,양팡 YangPang,1410000,1662790000,2897
494,TV/방송,달라스튜디오,1400000,429240000,308
493,BJ/인물/연예인,신세경 sjkuksee,1400000,59160000,41
492,게임,Partition Zion,1400000,753870000,1087
491,음악/댄스/가수,K-Tigers TV,1400000,221820000,527
490,음식/요리/레시피,ARIKITCHEN (아리키친),1400000,404740000,680
497,회사/오피셜,SM C&C STUDIO,1390000,270210000,1811
496,TV/방송,KBS CoolFM,1390000,773530000,13247
495,키즈/어린이,프리티에스더 PrettyEsther,1390000,781010000,750
500,TV/방송,놀면 뭐하니?,1380000,1021010000,1423
499,애완/반려동물,크집사,1380000,376360000,706
498,TV/방송,딩고 스토리 / dingo story,1380000,395860000,442
503,음악/댄스/가수,지켜츄 Chuu Can Do It,1370000,195440000,258
502,뉴스/정치/사회,조선일보,1370000,1138530000,17429
501,음악/댄스/가수,BEAST 비스트 (Official YouTube Channel),1370000,630200000,118
509,음악/댄스/가수,SEVENTEEN Japan official Youtube,1360000,290600000,122
508,주식/경제/부동산,미래에셋 스마트머니,1360000,149410000,3103
507,스포츠/운동,핏블리 FITVELY,1360000,642090000,1510
506,미분류,엄마의손맛,1360000,395660000,895
505,영화/만화/애니,Hello Jadoo TV 안녕 자두야,1360000,439830000,960
504,뉴스/정치/사회,사람사는세상노무현재단,1360000,221090000,1269
514,미분류,제발돼라 PleaseBee,1350000,390170000,258
513,미분류,함께해요 맛나요리,1350000,433990000,1017
512,뉴스/정치/사회,연합뉴스TV,1350000,1908660000,484077
511,뉴스/정치/사회,TBS 시민의방송,1350000,296180000,30251
510,BJ/인물/연예인,NALU,1350000,106130000,178
518,뉴스/정치/사회,SBS Radio 에라오,1340000,766280000,19332
517,음악/댄스/가수,Prepix Dance Studio,1340000,263690000,7002
516,TV/방송,모비딕 Mobidic,1340000,528480000,1661
515,취미/라이프,Bandung Oppa 반둥오빠,1340000,180240000,565
521,음식/요리/레시피,산적TV 밥굽남,1330000,360350000,700
520,뉴스/정치/사회,비디오머그 - VIDEOMUG,1330000,2281400000,7401
519,키즈/어린이,뚜아뚜지TV,1330000,992040000,1935
526,미분류,이지은 다이어트 Jiny diet,1320000,167520000,165
525,미분류,RMC Sport,1320000,722400000,30265
524,BJ/인물/연예인,공부왕찐천재 홍진경,1320000,226530000,218
523,애완/반려동물,정브르,1320000,713130000,1976
522,TV/방송,Solfa,1320000,233180000,49
531,미분류,Tennis TV,1310000,1476050000,7699
530,국내/해외/여행,Rirang OnAir,1310000,211670000,271
529,교육/강의,법륜스님의 즉문즉설,1310000,836090000,2004
528,BJ/인물/연예인,임다TV,1310000,593620000,1893
527,취미/라이프,Squash Clay 쪼물쪼물 클레이,1310000,278920000,517
541,미분류,자세요정 JSYJ,1300000,105090000,146
540,미분류,퍼런안경_BLAS,1300000,352070000,168
539,BJ/인물/연예인,헌터퐝,1300000,420840000,469
538,음악/댄스/가수,MUPLY 뮤플리,1300000,445890000,802
537,음악/댄스/가수,AOA,1300000,784780000,198
536,TV/방송,스튜디오 잼스터,1300000,466650000,499
535,TV/방송,DGG,1300000,76260000,396
534,영화/만화/애니,Tooniverse-투니버스,1300000,935210000,4205
533,음식/요리/레시피,가르마[GARMA],1300000,461250000,1509
532,TV/방송,피키픽처스 Piki Pictures,1300000,663150000,1607
548,미분류,노빠꾸탁재훈,1290000,184890000,98
547,영화/만화/애니,뭅뭅,1290000,466350000,3190
546,음식/요리/레시피,BenDeen,1290000,223150000,658
545,BJ/인물/연예인,철구형 (CHULTUBE),1290000,1346830000,6981
544,미분류,빠더너스 BDNS,1290000,474540000,731
543,취미/라이프,휘트니 whitney bae,1290000,331760000,313
542,게임,테스터훈 TesterHoon,1290000,1198560000,3312
549,취미/라이프,Kim Miso,1280000,124830000,514
555,미분류,Girls On Top,1270000,317250000,21
554,미분류,굿라이프,1270000,230430000,2459
553,TV/방송,KBS 같이삽시다,1270000,776710000,6998
552,미분류,Bravo jamoasi,1270000,272260000,96
551,키즈/어린이,BloxJC,1270000,31440000,67
550,음악/댄스/가수,DaftTaengk,1270000,539310000,5140
562,미분류,뜬뜬 DdeunDdeun,1260000,155920000,131
561,TV/방송,KBS 1라디오,1260000,749840000,22197
560,뉴스/정치/사회,KBS 교양,1260000,1047000000,71369
559,음악/댄스/가수,RealVIXX,1260000,422390000,802
558,음식/요리/레시피,우리의식탁 W TABLE,1260000,111620000,578
557,회사/오피셜,KB국민카드,1260000,235450000,656
556,패션/미용,회사원A,1260000,487710000,762
570,키즈/어린이,나나의인형놀이 Nana'sDollPlay,1250000,425700000,251
569,키즈/어린이,토비아트 - TobiART,1250000,420500000,137
568,미분류,차미툰,1250000,517380000,703
567,미분류,7FATES: CHAKHO by HYBE,1250000,63860000,32
566,미분류,팥쥐,1250000,459080000,102
577,미분류,썰레임 Ssuleim,1250000,500400000,141
565,TV/방송,걍밍경,1250000,153060000,94
564,BJ/인물/연예인,장지수,1250000,505720000,978
563,영화/만화/애니,달빛뮤즈,1250000,336110000,584
578,미분류,지식한입,1240000,148850000,158
576,스포츠/운동,식빵언니 김연경 Bread Unnie,1240000,88570000,98
575,음식/요리/레시피,수빙수tv sooBingsoo,1240000,515930000,462
574,TV/방송,CJ ENM,1240000,1814260000,15140
573,BJ/인물/연예인,ondo온도,1240000,137160000,281
572,취미/라이프,탱구TV,1240000,49550000,27
571,뉴스/정치/사회,[팟빵] 매불쇼,1240000,622410000,1674
582,미분류,랄랄ralral,1230000,520140000,819
581,TV/방송,KBS동물티비 : 애니멀포유 animal4u,1230000,1101670000,3688
580,게임,악어 유튜브,1230000,1623440000,7895
579,음악/댄스/가수,SUPER SOUND Bugs!,1230000,870990000,4292
595,미분류,YGX,1220000,199360000,1758
588,음식/요리/레시피,고기남자 MeatMan,1220000,345730000,159
587,TV/방송,Coreaníssima 엘레나,1220000,95110000,255
586,TV/방송,티캐스트 tcast,1220000,1296100000,9153
585,뉴스/정치/사회,딴지방송국,1220000,342480000,887
584,BJ/인물/연예인,강유미 yumi kang좋아서 하는 채널,1220000,566780000,501
583,음악/댄스/가수,Official A.C.E,1220000,187330000,819
594,미분류,키즐 kizzle,1210000,381100000,426
593,미분류,할명수,1210000,279620000,366
592,음악/댄스/가수,MORE THAN YOUTH,1210000,339800000,928
591,음식/요리/레시피,DICKHUNTER딕헌터🌶,1210000,361110000,483
590,애완/반려동물,haha ha,1210000,494140000,638
589,BJ/인물/연예인,박막례 할머니 Korea_Grandma,1210000,478890000,556
603,미분류,정선근 TV,1200000,63050000,149
602,키즈/어린이,Paint Jelly,1200000,1017860000,235
601,미분류,KCON official,1200000,326790000,5481
600,미분류,짧은대본 ShortPaper,1200000,576660000,363
599,패션/미용,안다 ANDA,1200000,148760000,295
598,TV/방송,별놈들,1200000,590240000,866
597,뉴스/정치/사회,배승희 변호사,1200000,387360000,963
596,패션/미용,lamuqe,1200000,124940000,302
612,BJ/인물/연예인,상해기SangHyuk,1190000,389810000,768
611,뉴스/정치/사회,MBC 라디오 시사,1190000,871300000,15800
610,영화/만화/애니,DAZBEE official,1190000,540150000,195
609,TV/방송,준우,1190000,598400000,497
608,뉴스/정치/사회,신인균의 국방TV,1190000,862870000,2928
614,IT/기술/컴퓨터,오빠두엑셀 l 엑셀 강의 대표채널,1190000,93350000,583
607,취미/라이프,집꾸미기,1190000,173870000,473
606,취미/라이프,rappeler하쁠리,1190000,536500000,1013
605,영화/만화/애니,B Man 삐맨,1190000,712960000,740
618,미분류,KBS 레전드 케이팝,1180000,1038150000,17351
617,키즈/어린이,주니토니 동요동화 - 키즈캐슬,1180000,1065070000,1051
616,음악/댄스/가수,KIM HYUN JOONG.official,1180000,190430000,567
615,TV/방송,eaJ,1180000,45710000,20
613,패션/미용,LeoJ Makeup,1180000,266970000,367
604,BJ/인물/연예인,수상한녀석들,1180000,270280000,176
624,미분류,양장금주부,1170000,314910000,858
623,해외,Variety,1170000,541210000,5224
622,키즈/어린이,마시따 MASITTA,1170000,756690000,251
621,BJ/인물/연예인,Lia Kim,1170000,69420000,65
620,음식/요리/레시피,애주가TV참PD,1170000,646170000,1392
619,BJ/인물/연예인,Cheri Hyeri 체리 혜리,1170000,174770000,488
629,키즈/어린이,Jelly Pong,1160000,160050000,6
628,뉴스/정치/사회,Newstapa,1160000,379350000,4290
627,키즈/어린이,퍼플 토이박스(Purple Toy Box),1160000,719350000,1471
626,음식/요리/레시피,스윗더미 . Sweet The MI,1160000,119230000,318
625,BJ/인물/연예인,사나이 김기훈,1160000,822910000,911
637,키즈/어린이,해피팸(Happy family),1150000,127720000,200
636,미분류,CBS Sports Golazo,1150000,957120000,4643
635,해외,ZeeKay Junior,1150000,1080960000,1247
634,TV/방송,올끌 (All of MBClassic),1150000,2126280000,3485
633,TV/방송,SK telecom,1150000,999130000,2420
632,뉴스/정치/사회,서울의소리 Voice of Seoul News,1150000,1047130000,19581
631,패션/미용,다또아Daddoa,1150000,94450000,190
630,국내/해외/여행,코이티비 KOITV,1150000,1001310000,1894
647,키즈/어린이,키글 토이 - 키즈 장난감,1140000,613920000,1276
646,미분류,싱글벙글,1140000,988090000,320
656,미분류,김창옥TV,1140000,192280000,462
645,음식/요리/레시피,야식이,1140000,468970000,1502
644,영화/만화/애니,WatchcarTV,1140000,558240000,201
643,영화/만화/애니,PLAYY ANI 플레이애니,1140000,510780000,800
642,음악/댄스/가수,Official fromis_9,1140000,530570000,906
641,키즈/어린이,Toystar TV,1140000,520030000,101
640,취미/라이프,예뿍이의 작업방Yeppug,1140000,349720000,836
639,음식/요리/레시피,야식이,1140000,468970000,1502
638,BJ/인물/연예인,긱블 Geekble,1140000,502050000,589
665,미분류,차은우 CHAEUNWOO,1130000,24650000,18
657,키즈/어린이,Boing Boing Kids,1130000,330950000,7
655,미분류,칰타,1130000,371320000,274
654,음악/댄스/가수,강다니엘 KANGDANIEL,1130000,220300000,222
653,BJ/인물/연예인,Godtuk 턱형,1130000,425880000,510
652,영화/만화/애니,신비아파트 공식채널 - Shinbi House,1130000,819690000,2251
651,뉴스/정치/사회,엠빅뉴스,1130000,2728380000,6554
650,키즈/어린이,Minicar Story,1130000,686410000,1896
649,취미/라이프,제이제이살롱드핏,1130000,307370000,732
648,영화/만화/애니,드림텔러(DreamTeller),1130000,206110000,208
664,미분류,알간지Alganzi,1120000,197490000,470
663,미분류,에버랜드 - EVERLAND,1120000,415100000,2589
662,음악/댄스/가수,CLC 씨엘씨 (Official YouTube Channel),1120000,282390000,188
661,TV/방송,z a m,1120000,793310000,3149
660,게임,코너Korner,1120000,926290000,975
659,키즈/어린이,토깽이네,1120000,1485950000,1997
658,음식/요리/레시피,채널주인 부재중,1120000,1187190000,1921
675,미분류,무니키친MoonyKitchen,1110000,148610000,440
674,미분류,하음쿠킹 Haeum Cooking,1110000,186850000,77
673,미분류,육식맨 YOOXICMAN,1110000,271790000,219
672,미분류,TVCHOSUN JOY,1110000,861850000,4155
671,미분류,주둥이방송,1110000,627500000,1908
670,음식/요리/레시피,입질의추억TV jiminTV,1110000,491620000,663
669,키즈/어린이,POYO Music Official,1110000,878410000,1838
668,TV/방송,유병재,1110000,267810000,234
667,패션/미용,써니채널 Sunny's Channel,1110000,114670000,210
666,교육/강의,닥터프렌즈,1110000,287280000,905
681,미분류,랄로,1100000,602730000,457
680,BJ/인물/연예인,크리스 [구 소련여자],1100000,192000000,151
679,미분류,꼰대희,1100000,393310000,378
678,해외,TNT,1100000,712380000,4921
677,음악/댄스/가수,CNBLUE (씨엔블루),1100000,268450000,231
676,게임,돼지저금통,1100000,1855480000,4575
691,미분류,집밥 korean home cooking,1090000,487460000,1511
690,미분류,식탁보감,1090000,130570000,400
689,키즈/어린이,woojoo우주,1090000,361000000,85
688,게임,유키 YOUKI,1090000,275200000,1043
687,음악/댄스/가수,PLEDIS ENTERTAINMENT,1090000,289220000,260
686,TV/방송,fantagio 판타지오,1090000,357230000,317
685,TV/방송,띵픽,1090000,215750000,868
684,게임,재넌Jaenune,1090000,736600000,1167
683,게임,기리TV,1090000,1323260000,2825
682,BJ/인물/연예인,유준호,1090000,576150000,1461
698,미분류,KPOP JAMM,1080000,435190000,2399
697,게임,괴물쥐 유튜브,1080000,1137200000,1446
696,미분류,정찬성 Korean Zombie,1080000,353420000,330
695,음악/댄스/가수,MUSIC&NEW 뮤직앤뉴,1080000,1278690000,9751
694,뉴스/정치/사회,한국경제TV,1080000,310430000,33735
693,주식/경제/부동산,부읽남TV_내집마련부터건물주까지,1080000,195960000,1579
692,음악/댄스/가수,UPVOTE Entertainment,1080000,273240000,1382
704,키즈/어린이,TOMONCAR,1070000,622390000,498
703,미분류,셜록현준,1070000,101150000,161
702,미분류,유우키의 일본이야기 YUUKI,1070000,316930000,290
701,뉴스/정치/사회,CBS 김현정의 뉴스쇼,1070000,635760000,14949
700,스포츠/운동,말왕TV,1070000,420710000,1033
699,취미/라이프,효기심,1070000,132560000,153
711,미분류,너 진짜 똑똑하다,1060000,83160000,164
710,미분류,연스커플 Yeon's Couple,1060000,295220000,397
709,TV/방송,뻑가 PPKKa,1060000,982260000,1132
708,TV/방송,Kyunghamin твоя корейская онни,1060000,139000000,439
707,자동차,김한용의 MOCAR,1060000,638180000,2176
706,키즈/어린이,마이린 TV,1060000,862470000,2702
705,TV/방송,딩고 스튜디오 / dingo studio,1060000,425530000,975
718,미분류,이영지,1050000,170420000,44
717,미분류,이리오너라,1050000,152070000,2051
716,미분류,샾잉 #ing,1050000,3043860000,25762
715,음악/댄스/가수,MBC every1,1050000,1393820000,21194
714,교육/강의,친절한 대학,1050000,116510000,803
713,게임,쁘허,1050000,469490000,1362
712,게임,잉여맨 유튜브,1050000,1142350000,2855
726,미분류,[ASMR]nara_나라,1040000,194470000,374
725,영화/만화/애니,DinoCore TUBA,1040000,752020000,863
724,음악/댄스/가수,DanalEntertainment,1040000,425750000,12581
723,음악/댄스/가수,OH MY GIRL,1040000,693040000,491
722,TV/방송,V LIVE,1040000,637840000,2821
721,음악/댄스/가수,라이징 보이스 | RISING VOICE,1040000,542710000,4383
720,자동차,우파푸른하늘Woopa TV,1040000,670670000,1978
719,게임,릴카,1040000,478900000,1126
734,미분류,CIX Official,1030000,215040000,543
733,BJ/인물/연예인,하하 PD HAHA PD,1030000,125870000,296
732,미분류,토모토모TomoTomo,1030000,233300000,207
731,키즈/어린이,Robot Trains official,1030000,773920000,744
730,TV/방송,뉴스엔·NewsenTV,1030000,408420000,15662
729,TV/방송,sankokesl,1030000,9570000,120
728,키즈/어린이,Action Story,1030000,503990000,1899
727,영화/만화/애니,어퍼컷Tube,1030000,172060000,223
743,키즈/어린이,호기! 핑크퐁 - 놀면서 배워요,1020000,597450000,1131
742,미분류,Family Kim 패밀리김,1020000,201030000,315
741,미분류,시니어전성시대,1020000,204570000,512
740,미분류,[윤이련]50년 요리비결,1020000,335660000,531
739,미분류,조여사전성시대,1020000,276430000,776
738,음악/댄스/가수,H1GHR MUSIC,1020000,321360000,659
737,게임,텔론,1020000,1189260000,4463
736,게임,램램TV,1020000,990150000,2831
735,TV/방송,볼라이트 BallRight,1020000,180000,41
753,키즈/어린이,Bus Car Story,1010000,492180000,434
752,미분류,메리니즈부엌Meliniskitchen,1010000,198720000,258
751,뉴스/정치/사회,채널A 뉴스TOP10,1010000,985730000,22370
750,TV/방송,바바요 by iHQ,1010000,794150000,7890
749,키즈/어린이,로보카폴리 TV,1010000,668130000,1694
748,게임,Charming Jo 조매력,1010000,411450000,1605
747,패션/미용,디렉터 파이,1010000,169210000,395
746,BJ/인물/연예인,Sibong AI 시봉 AI,1010000,64980000,968
745,BJ/인물/연예인,U.M.A.우마,1010000,272750000,147
744,애완/반려동물,소녀의행성 Girlsplanet,1010000,430340000,602
760,미분류,GUCCI,1000000,288660000,828
759,키즈/어린이,Toy box,1000000,192680000,391
758,미분류,꽉잡아윤기-Kwakyoongy,1000000,291480000,815
757,뉴스/정치/사회,MTN 머니투데이방송,1000000,1353510000,73443
756,TV/방송,KBS Joy,1000000,1989140000,15611
755,게임,범석TV,1000000,830900000,1944
754,음식/요리/레시피,맛있는 녀석들 (Tasty Guys),1000000,1361030000,4682
761,게임,T1,990000,340500000,2849
762,교육/강의,공부의신 강성태,990000,323220000,2878
763,BJ/인물/연예인,내가조우남,990000,447530000,1228
764,음식/요리/레시피,삼대장 Samdaejang,990000,655170000,1509
765,미분류,과학드림 [Science Dream],990000,209620000,153
767,미분류,집나간아들 Runaway Son,990000,469220000,1022
766,음악/댄스/가수,SF9,990000,118560000,563
769,게임,GCL 지씨엘,990000,339230000,412
768,TV/방송,YG TREASURE BOX,980000,304330000,496
772,미분류,지식해적단,980000,128920000,177
771,BJ/인물/연예인,슛뚜sueddu,980000,57320000,277
770,음악/댄스/가수,New k-pop 뉴케이팝,980000,10000,26
774,미분류,deemd 딤디,980000,128570000,214
773,미분류,채꾸똥꾸 (Cherry & Dong),980000,337530000,306
775,TV/방송,밍꼬발랄Mingggo,980000,1487390000,851
777,미분류,오늘의 주우재,980000,161590000,411
776,게임,탁주 쪼꼬,980000,2426820000,2741
778,게임,킴성태TV,980000,860240000,2095
780,미분류,BIBI,970000,387880000,60
779,TV/방송,덕출 : DCTVGO,970000,404100000,767
781,교육/강의,미미미누,970000,422880000,845
782,키즈/어린이,드래곤디🎵 | 키즈 율동 동요,970000,786230000,1149
785,키즈/어린이,판타스틱  패밀리,970000,173130000,7
784,키즈/어린이,JoyKids,970000,570360000,286
783,TV/방송,MAXIM KOREA,970000,277740000,1395
786,미분류,건나물TV,960000,434310000,826
788,게임,Dorami,960000,250160000,1228
787,미분류,1분만,960000,610840000,1181
789,미분류,VOGUE Taiwan,950000,330370000,7656
793,미분류,ZEROBASEONE,950000,76360000,127
790,미분류,Yummy Waffle 야미와플,950000,1096750000,399
792,음식/요리/레시피,얌무YAMMoo,950000,201460000,565
791,교육/강의,라이브 아카데미,950000,101090000,1139
794,영화/만화/애니,토킹톰앤프렌즈,950000,365600000,341
796,음악/댄스/가수,PARK JIHOON Official,950000,66960000,331
795,TV/방송,Zaty Farhani,950000,1218960000,2779
799,취미/라이프,ColorMonsters Toy,950000,548910000,1040
798,음식/요리/레시피,허미노MINO,950000,411510000,2100
797,음악/댄스/가수,ALiEN,950000,213970000,395
801,교육/강의,법륜스님의 희망세상만들기,940000,471660000,988
800,패션/미용,Saerom Min개코의 오픈스튜디오,940000,158090000,267
802,취미/라이프,츄팝,940000,468590000,478
804,키즈/어린이,신나TV,940000,10000,14
803,국내/해외/여행,EBS 컬렉션 - 라이프스타일,940000,634920000,3714
805,미분류,달리 [SBS DALI],940000,442680000,708
806,TV/방송,이라이라경 ravely,940000,481830000,621
807,음악/댄스/가수,LJ Dance,940000,172930000,3063
808,게임,액션홍구,940000,693000000,3417
811,키즈/어린이,베이비버스 장난감 친구들!,930000,352720000,355
810,음식/요리/레시피,the BOB studio | 더 밥 스튜디오,930000,245080000,1196
809,TV/방송,배꼽빌라,930000,405710000,689
813,BJ/인물/연예인,소근부부 S.K.Couple,930000,383960000,522
812,영화/만화/애니,구불,930000,333430000,339
814,미분류,과나gwana,930000,268980000,176
815,뉴스/정치/사회,팩트TV NEWS,930000,365420000,7667
817,음악/댄스/가수,wondergirls,930000,535670000,217
816,BJ/인물/연예인,띠미 ddimmi,930000,497730000,1004
818,키즈/어린이,Pink Ping World,930000,304280000,474
824,TV/방송,디스패치 / Dispatch,920000,201770000,8892
823,뉴스/정치/사회,고성국TV,920000,293040000,4889
821,미분류,ootb STUDIO,920000,377160000,199
820,미분류,집나간햄지 Wandering Hamzy,920000,78200000,148
819,게임,LCK,920000,1168780000,7819
822,취미/라이프,희철리즘Heechulism,920000,239700000,359
825,게임,김왼팔,920000,731360000,2884
829,미분류,빵먹다살찐떡,920000,1134620000,704
826,TV/방송,히스토리,920000,682440000,2549
827,TV/방송,TongTongCulture,920000,676790000,12974
828,미분류,직업의모든것,910000,462920000,462
831,미분류,푸먹_foomuk,910000,477870000,66
830,애완/반려동물,다흑,910000,661880000,2902
833,영화/만화/애니,STUDIO LICO,910000,153640000,303
832,키즈/어린이,메카드 - MECARD OFFICIAL,910000,787510000,1633
836,TV/방송,KBS Entertain: 깔깔티비,910000,1567550000,6966
835,음악/댄스/가수,장범준,910000,585220000,504
834,IT/기술/컴퓨터,안될과학 Unrealscience,910000,156390000,902
838,미분류,밀라논나 Milanonna,900000,80030000,109
837,미분류,BRUSH,900000,432190000,454
839,취미/라이프,Soy ASMR,900000,205110000,606
840,미분류,815머니톡,900000,377940000,6679
842,미분류,웅이woongei,900000,419560000,593
841,BJ/인물/연예인,성수커플 - S.S Couple,900000,0,0
846,영화/만화/애니,람다람 RAMDARAM,900000,128540000,128
845,뉴스/정치/사회,스브스뉴스 SUBUSUNEWS,900000,1205930000,3846
844,음악/댄스/가수,PianiCast - 피아니캐스트,900000,293430000,112
843,애완/반려동물,냥이아빠,900000,420990000,763
847,미분류,프응TV,900000,281930000,277
849,음악/댄스/가수,Healing Meditation,900000,123980000,421
848,음악/댄스/가수,missA,900000,435650000,49
850,미분류,leeminho film,890000,16350000,22
851,음악/댄스/가수,HYOLYN 효린,890000,316680000,279
852,음식/요리/레시피,소프,890000,363580000,1589
853,국내/해외/여행,Sophie Kim _하은,890000,29700000,129
854,TV/방송,Megan Moon,890000,153810000,563
855,키즈/어린이,고고다이노,890000,720630000,1053
858,키즈/어린이,버섯도리,880000,1229290000,999
857,취미/라이프,Dana ASMR,880000,318570000,255
856,IT/기술/컴퓨터,1분과학,880000,90610000,78
862,미분류,재밌는 거 올라온다,880000,388500000,239
860,미분류,TAEYONG,880000,12650000,20
859,뉴스/정치/사회,여수MBC Music+(Kpop&Trot),880000,552800000,16617
861,키즈/어린이,우가놀이 WOOGA play,880000,394220000,445
863,취미/라이프,이연LEEYEON,880000,80770000,345
864,국내/해외/여행,끼룩푸드 seagull food,880000,613010000,709
865,뉴스/정치/사회,연합뉴스 Yonhapnews,870000,2403360000,37811
866,뉴스/정치/사회,성제준,870000,433850000,2530
869,미분류,코믹마트,870000,639950000,981
868,키즈/어린이,Boram Tube Friends,870000,7360000,73
867,TV/방송,김달,870000,381930000,866
870,TV/방송,코미꼬,870000,356760000,747
871,게임,군림보,870000,772290000,5472
873,미분류,HWASA,870000,210520000,29
872,TV/방송,하나키키 Hanakiki,870000,376370000,941
874,국내/해외/여행,진정부부,870000,367140000,356
875,키즈/어린이,LarvaKIDS TUBA,870000,632960000,537
877,키즈/어린이,롤롤라임[lollolraim],860000,109170000,143
876,TV/방송,타임스낵,860000,326480000,333
879,미분류,지피티,860000,337480000,1070
878,BJ/인물/연예인,풍자테레비,860000,345890000,1372
882,미분류,교양만두,860000,295040000,280
881,뉴스/정치/사회,전옥현 안보정론TV,860000,284620000,3282
880,미분류,랭킹스쿨,860000,573520000,994
883,BJ/인물/연예인,남순 NS,860000,968100000,3676
885,미분류,복지마블TV [Welfare Marble],860000,127060000,628
884,음식/요리/레시피,서담 seodam,860000,192710000,418
889,미분류,VIVINOS,860000,115590000,44
886,패션/미용,윤쨔미 YoonCharmi,860000,246500000,377
888,BJ/인물/연예인,(MUTUBE)와꾸대장봉준,860000,959850000,7805
887,영화/만화/애니,빨강도깨비,860000,365090000,358
890,음악/댄스/가수,MBC WORLD,860000,652060000,5158
893,미분류,CookieRun: Kingdom,850000,111870000,302
892,미분류,유 퀴즈 온 더 튜브,850000,536970000,4499
891,게임,울산큰고래 박성주,850000,749220000,3702
895,교육/강의,동심파괴,850000,386630000,768
894,게임,머독방송,850000,992260000,11876
899,미분류,조충현,850000,344320000,715
896,음악/댄스/가수,HOLLAND,850000,32610000,38
898,게임,밍모,850000,656160000,2650
897,음악/댄스/가수,HEADLINER,850000,226960000,208
901,미분류,쿡피아 Cookpia,850000,158640000,286
900,미분류,TVING,850000,1358420000,7891
902,TV/방송,스튜디오 룰루랄라 디랩 - SLLDLAB,850000,369440000,1386
903,취미/라이프,Mimine Miniature 미미네 미니어처,840000,182340000,188
904,키즈/어린이,말랑이랑 with a malang,840000,561330000,706
906,취미/라이프,공구왕황부장,840000,259530000,638
905,뉴스/정치/사회,펜앤드마이크TV,840000,165820000,2046
908,미분류,ROKSEAL,840000,152530000,230
907,TV/방송,라이프타임,840000,362070000,2150
909,미분류,JUNTV,840000,76330000,314
913,미분류,정라레_Lifestyle Doctor,840000,158780000,579
912,미분류,인생84,840000,93060000,124
910,음악/댄스/가수,OFFICIAL EPIK HIGH,840000,448700000,259
911,뉴스/정치/사회,이재명,840000,186650000,2332
915,음식/요리/레시피,영자씨의 부엌Young-Ja's Kitchen,830000,257550000,1580
914,패션/미용,Jella젤라,830000,66920000,241
916,취미/라이프,달려라치킨 Dalchi,830000,223160000,676
917,미분류,CU [씨유튜브],830000,232680000,651
920,뉴스/정치/사회,MBC PD수첩,830000,394220000,2585
919,음악/댄스/가수,TSENT2008,830000,396780000,445
918,패션/미용,UNA 유나,830000,72740000,179
922,키즈/어린이,Enjoy Toys Shin,830000,374590000,247
921,TV/방송,smile -wA-,830000,521350000,5423
924,미분류,빨간내복야코,830000,662480000,304
923,TV/방송,k,830000,636170000,0
926,미분류,미션 파서블,820000,175940000,229
925,영화/만화/애니,무비콘 애니,820000,316130000,939
928,음악/댄스/가수,• m i n a m o c h i •,820000,365620000,102
927,음식/요리/레시피,뽐뽐뽐,820000,88010000,330
929,뉴스/정치/사회,이봉규TV,820000,554060000,8176
930,키즈/어린이,로봇알포 ARPO The Robot,820000,315390000,623
931,뉴스/정치/사회,[공식] 새날,820000,695560000,8814
934,미분류,조나단,820000,151820000,210
933,주식/경제/부동산,전인구경제연구소,820000,122170000,1126
932,음악/댄스/가수,VICTON 빅톤,820000,241660000,983
935,게임,테드TV,810000,853350000,2834
937,키즈/어린이,ToyCheff,810000,406330000,467
936,게임,김성회의 G식백과,810000,240210000,435
938,키즈/어린이,PinkFongFongToys [핑크퐁퐁토이즈],810000,200000,1
940,미분류,놀면서 배우는 심리학,810000,118880000,459
939,미분류,청정구역,810000,410680000,1038
943,미분류,SMP FLOOR,810000,131810000,288
942,미분류,천재견 사월이sawol,810000,221980000,207
941,미분류,임한올 Hanol Rim,810000,121450000,169
945,TV/방송,트래블튜브,810000,726460000,1598
944,게임,수탉,810000,497530000,1706
946,미분류,THE NEW SIX (TNX),810000,86280000,468
949,미분류,깨방정,810000,362680000,497
948,음악/댄스/가수,Jenny Yun,810000,129860000,582
947,스포츠/운동,JK 아트사커 온라인,810000,663420000,730
951,미분류,카카오프렌즈 KAKAO FRIENDS,800000,466380000,558
953,미분류,ZICO,800000,427530000,138
952,키즈/어린이,ZombieDumb,800000,429030000,810
950,애완/반려동물,속삭이는몽자,800000,237070000,565
954,키즈/어린이,Troom Troom Kr,800000,552160000,2589
957,미분류,순자엄마,800000,403340000,645
956,TV/방송,KBS역사저널 그날,800000,344490000,3399
955,뉴스/정치/사회,가로세로연구소,800000,22660000,371
959,영화/만화/애니,Sechi,800000,295560000,385
958,패션/미용,areumsongee아름송이,800000,79170000,269
961,미분류,잠골버스,800000,224040000,495
960,키즈/어린이,Ace Art 에이스 아트,800000,413400000,898
963,미분류,Jin & Juice,800000,191040000,302
962,미분류,TOP MEDIA,800000,232740000,553
964,음악/댄스/가수,DKDKTV,790000,208450000,1412
968,미분류,김지윤의 지식Play,790000,70440000,212
967,미분류,DAWN,790000,77450000,49
969,미분류,당신이 몰랐던 이야기,790000,220890000,532
966,TV/방송,찬우살이,790000,33540000,196
965,음식/요리/레시피,키미 Kimi,790000,57940000,76
972,미분류,어썸코리아 Awesome Korea,790000,634880000,1250
971,미분류,옆집언니 최실장 stylist unnie,790000,148030000,681
970,패션/미용,Heejoo 희주,790000,22990000,127
975,게임,두치와뿌꾸,790000,1633390000,14877
974,게임,마재TV,790000,568130000,3587
973,게임,연다,790000,642580000,2400
976,키즈/어린이,애니한TV AnnieHanTV,790000,878770000,1897
977,TV/방송,핫챌린지,790000,54060000,51
979,BJ/인물/연예인,쿠쿠크루 - Cuckoo Crew,780000,549270000,884
978,미분류,sissel,780000,32030000,257
981,미분류,밉지않은 관종언니,780000,239510000,331
980,뉴스/정치/사회,국방TV,780000,831630000,13044
983,음악/댄스/가수,CL,780000,66130000,5
982,국내/해외/여행,원지의하루,780000,145580000,351
984,미분류,핫소스,780000,377950000,304
986,음악/댄스/가수,BRANDNEW MUSIC,780000,432470000,1488
985,애완/반려동물,EBS 컬렉션 - 사이언스,780000,306130000,1813
987,미분류,휴먼스토리,780000,274740000,293
988,미분류,123 GO! Korean,770000,312040000,557
989,미분류,하알라,770000,272690000,368
992,TV/방송,MBC 미스터리 : 심야괴담회 X 서프라이즈,770000,434970000,3148
991,TV/방송,제이제이,770000,270830000,731
990,애완/반려동물,솜이네 곰이탱이여우,770000,531250000,1803
994,TV/방송,tweety 트위티,770000,151990000,275
993,영화/만화/애니,UTZI웃지,770000,6500000,13
995,뉴스/정치/사회,뉴스데일리베스트,770000,247370000,2944
997,미분류,성창경TV,770000,1196450000,18314
996,미분류,빅페이스 BIGFACE,770000,183120000,142
998,키즈/어린이,꾸삐KUPI,770000,570580000,986
1000,키즈/어린이,서은이야기 [V-log],770000,298990000,628
999,TV/방송,LDF TV by lottedutyfree,770000,656800000,1517
